"Longitude (x)","Latitude (y)","Station Name","Climate ID","Date/Time","Year","Month","Day","Data Quality","Max Temp (°C)","Max Temp Flag","Min Temp (°C)","Min Temp Flag","Mean Temp (°C)","Mean Temp Flag","Heat Deg Days (°C)","Heat Deg Days Flag","Cool Deg Days (°C)","Cool Deg Days Flag","Total Rain (mm)","Total Rain Flag","Total Snow (cm)","Total Snow Flag","Total Precip (mm)","Total Precip Flag","Snow on Grnd (cm)","Snow on Grnd Flag","Dir of Max Gust (10s deg)","Dir of Max Gust Flag","Spd of Max Gust (km/h)","Spd of Max Gust Flag"
"-69.88","62.85","KIMMIRUT A","2402671","2020-01-01","2020","01","01","","","","","","","","","","","","","","","","","","","","","","",""
"-69.88","62.85","KIMMIRUT A","2402671","2020-01-02","2020","01","02","","","","","","","","","","","","","","","","","","","","","","",""
"-69.88","62.85","KIMMIRUT A","2402671","2020-01-03","2020","01","03","","","","","","","","","","","","","","","","","","","","","","",""
"-69.88","62.85","KIMMIRUT A","2402671","2020-01-04","2020","01","04","","","","","","","","","","","","","","","","","","","","","","",""
"-69.88","62.85","KIMMIRUT A","2402671","2020-01-05","2020","01","05","","","","","","","","","","","","","","","","","","","","","","",""
"-69.88","62.85","KIMMIRUT A","2402671","2020-01-06","2020","01","06","","","","","","","","","","","","","","","","","","","","","","",""
"-69.88","62.85","KIMMIRUT A","2402671","2020-01-07","2020","01","07","","","","","","","","","","","","","","","","","","","","","","",""
"-69.88","62.85","KIMMIRUT A","2402671","2020-01-08","2020","01","08","","","","","","","","","","","","","","","","","","","","","","",""
"-69.88","62.85","KIMMIRUT A","2402671","2020-01-09","2020","01","09","","","","","","","","","","","","","","","","","","","","","","",""
"-69.88","62.85","KIMMIRUT A","2402671","2020-01-10","2020","01","10","","","","","","","","","","","","","","","","","","","","","","",""
"-69.88","62.85","KIMMIRUT A","2402671","2020-01-11","2020","01","11","","","","","","","","","","","","","","","","","","","","","","",""
"-69.88","62.85","KIMMIRUT A","2402671","2020-01-12","2020","01","12","","","","","","","","","","","","","","","","","","","","","","",""
"-69.88","62.85","KIMMIRUT A","2402671","2020-01-13","2020","01","13","","","","","","","","","","","","","","","","","","","","","","",""
"-69.88","62.85","KIMMIRUT A","2402671","2020-01-14","2020","01","14","","","","","","","","","","","","","","","","","","","","","","",""
"-69.88","62.85","KIMMIRUT A","2402671","2020-01-15","2020","01","15","","","","","","","","","","","","","","","","","","","","","","",""
"-69.88","62.85","KIMMIRUT A","2402671","2020-01-16","2020","01","16","","","","","","","","","","","","","","","","","","","","","","",""
"-69.88","62.85","KIMMIRUT A","2402671","2020-01-17","2020","01","17","","","","","","","","","","","","","","","","","","","","","","",""
"-69.88","62.85","KIMMIRUT A","2402671","2020-01-18","2020","01","18","","","","","","","","","","","","","","","","","","","","","","",""
"-69.88","62.85","KIMMIRUT A","2402671","2020-01-19","2020","01","19","","","","","","","","","","","","","","","","","","","","","","",""
"-69.88","62.85","KIMMIRUT A","2402671","2020-01-20","2020","01","20","","","","","","","","","","","","","","","","","","","","","","",""
"-69.88","62.85","KIMMIRUT A","2402671","2020-01-21","2020","01","21","","","","","","","","","","","","","","","","","","","","","","",""
"-69.88","62.85","KIMMIRUT A","2402671","2020-01-22","2020","01","22","","","","","","","","","","","","","","","","","","","","","","",""
"-69.88","62.85","KIMMIRUT A","2402671","2020-01-23","2020","01","23","","","","","","","","","","","","","","","","","","","","","","",""
"-69.88","62.85","KIMMIRUT A","2402671","2020-01-24","2020","01","24","","","","","","","","","","","","","","","","","","","","","","",""
"-69.88","62.85","KIMMIRUT A","2402671","2020-01-25","2020","01","25","","","","","","","","","","","","","","","","","","","","","","",""
"-69.88","62.85","KIMMIRUT A","2402671","2020-01-26","2020","01","26","","","","","","","","","","","","","","","","","","","","","","",""
"-69.88","62.85","KIMMIRUT A","2402671","2020-01-27","2020","01","27","","","","","","","","","","","","","","","","","","","","","","",""
"-69.88","62.85","KIMMIRUT A","2402671","2020-01-28","2020","01","28","","","","","","","","","","","","","","","","","","","","","","",""
"-69.88","62.85","KIMMIRUT A","2402671","2020-01-29","2020","01","29","","","","","","","","","","","","","","","","","","","","","","",""
"-69.88","62.85","KIMMIRUT A","2402671","2020-01-30","2020","01","30","","","","","","","","","","","","","","","","","","","","","","",""
"-69.88","62.85","KIMMIRUT A","2402671","2020-01-31","2020","01","31","","","","","","","","","","","","","","","","","","","","","","",""
"-69.88","62.85","KIMMIRUT A","2402671","2020-02-01","2020","02","01","","","","","","","","","","","","","","","","","","","","","","",""
"-69.88","62.85","KIMMIRUT A","2402671","2020-02-02","2020","02","02","","","","","","","","","","","","","","","","","","","","","","",""
"-69.88","62.85","KIMMIRUT A","2402671","2020-02-03","2020","02","03","","","","","","","","","","","","","","","","","","","","","","",""
"-69.88","62.85","KIMMIRUT A","2402671","2020-02-04","2020","02","04","","","","","","","","","","","","","","","","","","","","","","",""
"-69.88","62.85","KIMMIRUT A","2402671","2020-02-05","2020","02","05","","","","","","","","","","","","","","","","","","","","","","",""
"-69.88","62.85","KIMMIRUT A","2402671","2020-02-06","2020","02","06","","","","","","","","","","","","","","","","","","","","","","",""
"-69.88","62.85","KIMMIRUT A","2402671","2020-02-07","2020","02","07","","","","","","","","","","","","","","","","","","","","","","",""
"-69.88","62.85","KIMMIRUT A","2402671","2020-02-08","2020","02","08","","","","","","","","","","","","","","","","","","","","","","",""
"-69.88","62.85","KIMMIRUT A","2402671","2020-02-09","2020","02","09","","","","","","","","","","","","","","","","","","","","","","",""
"-69.88","62.85","KIMMIRUT A","2402671","2020-02-10","2020","02","10","","","","","","","","","","","","","","","","","","","","","","",""
"-69.88","62.85","KIMMIRUT A","2402671","2020-02-11","2020","02","11","","","","","","","","","","","","","","","","","","","","","","",""
"-69.88","62.85","KIMMIRUT A","2402671","2020-02-12","2020","02","12","","","","","","","","","","","","","","","","","","","","","","",""
"-69.88","62.85","KIMMIRUT A","2402671","2020-02-13","2020","02","13","","","","","","","","","","","","","","","","","","","","","","",""
"-69.88","62.85","KIMMIRUT A","2402671","2020-02-14","2020","02","14","","","","","","","","","","","","","","","","","","","","","","",""
"-69.88","62.85","KIMMIRUT A","2402671","2020-02-15","2020","02","15","","","","","","","","","","","","","","","","","","","","","","",""
"-69.88","62.85","KIMMIRUT A","2402671","2020-02-16","2020","02","16","","","","","","","","","","","","","","","","","","","","","","",""
"-69.88","62.85","KIMMIRUT A","2402671","2020-02-17","2020","02","17","","","","","","","","","","","","","","","","","","","","","","",""
"-69.88","62.85","KIMMIRUT A","2402671","2020-02-18","2020","02","18","","","","","","","","","","","","","","","","","","","","","","",""
"-69.88","62.85","KIMMIRUT A","2402671","2020-02-19","2020","02","19","","","","","","","","","","","","","","","","","","","","","","",""
"-69.88","62.85","KIMMIRUT A","2402671","2020-02-20","2020","02","20","","","","","","","","","","","","","","","","","","","","","","",""
"-69.88","62.85","KIMMIRUT A","2402671","2020-02-21","2020","02","21","","","","","","","","","","","","","","","","","","","","","","",""
"-69.88","62.85","KIMMIRUT A","2402671","2020-02-22","2020","02","22","","","","","","","","","","","","","","","","","","","","","","",""
"-69.88","62.85","KIMMIRUT A","2402671","2020-02-23","2020","02","23","","","","","","","","","","","","","","","","","","","","","","",""
"-69.88","62.85","KIMMIRUT A","2402671","2020-02-24","2020","02","24","","","","","","","","","","","","","","","","","","","","","","",""
"-69.88","62.85","KIMMIRUT A","2402671","2020-02-25","2020","02","25","","","","","","","","","","","","","","","","","","","","","","",""
"-69.88","62.85","KIMMIRUT A","2402671","2020-02-26","2020","02","26","","","","","","","","","","","","","","","","","","","","","","",""
"-69.88","62.85","KIMMIRUT A","2402671","2020-02-27","2020","02","27","","","","","","","","","","","","","","","","","","","","","","",""
"-69.88","62.85","KIMMIRUT A","2402671","2020-02-28","2020","02","28","","","","","","","","","","","","","","","","","","","","","","",""
"-69.88","62.85","KIMMIRUT A","2402671","2020-02-29","2020","02","29","","","","","","","","","","","","","","","","","","","","","","",""
"-69.88","62.85","KIMMIRUT A","2402671","2020-03-01","2020","03","01","","","","","","","","","","","","","","","","","","","","","","",""
"-69.88","62.85","KIMMIRUT A","2402671","2020-03-02","2020","03","02","","","","","","","","","","","","","","","","","","","","","","",""
"-69.88","62.85","KIMMIRUT A","2402671","2020-03-03","2020","03","03","","","","","","","","","","","","","","","","","","","","","","",""
"-69.88","62.85","KIMMIRUT A","2402671","2020-03-04","2020","03","04","","","","","","","","","","","","","","","","","","","","","","",""
"-69.88","62.85","KIMMIRUT A","2402671","2020-03-05","2020","03","05","","","","","","","","","","","","","","","","","","","","","","",""
"-69.88","62.85","KIMMIRUT A","2402671","2020-03-06","2020","03","06","","","","","","","","","","","","","","","","","","","","","","",""
"-69.88","62.85","KIMMIRUT A","2402671","2020-03-07","2020","03","07","","","","","","","","","","","","","","","","","","","","","","",""
"-69.88","62.85","KIMMIRUT A","2402671","2020-03-08","2020","03","08","","","","","","","","","","","","","","","","","","","","","","",""
"-69.88","62.85","KIMMIRUT A","2402671","2020-03-09","2020","03","09","","","","","","","","","","","","","","","","","","","","","","",""
"-69.88","62.85","KIMMIRUT A","2402671","2020-03-10","2020","03","10","","","","","","","","","","","","","","","","","","","","","","",""
"-69.88","62.85","KIMMIRUT A","2402671","2020-03-11","2020","03","11","","","","","","","","","","","","","","","","","","","","","","",""
"-69.88","62.85","KIMMIRUT A","2402671","2020-03-12","2020","03","12","","","","","","","","","","","","","","","","","","","","","","",""
"-69.88","62.85","KIMMIRUT A","2402671","2020-03-13","2020","03","13","","","","","","","","","","","","","","","","","","","","","","",""
"-69.88","62.85","KIMMIRUT A","2402671","2020-03-14","2020","03","14","","","","","","","","","","","","","","","","","","","","","","",""
"-69.88","62.85","KIMMIRUT A","2402671","2020-03-15","2020","03","15","","","","","","","","","","","","","","","","","","","","","","",""
"-69.88","62.85","KIMMIRUT A","2402671","2020-03-16","2020","03","16","","","","","","","","","","","","","","","","","","","","","","",""
"-69.88","62.85","KIMMIRUT A","2402671","2020-03-17","2020","03","17","","","","","","","","","","","","","","","","","","","","","","",""
"-69.88","62.85","KIMMIRUT A","2402671","2020-03-18","2020","03","18","","","","","","","","","","","","","","","","","","","","","","",""
"-69.88","62.85","KIMMIRUT A","2402671","2020-03-19","2020","03","19","","","","","","","","","","","","","","","","","","","","","","",""
"-69.88","62.85","KIMMIRUT A","2402671","2020-03-20","2020","03","20","","","","","","","","","","","","","","","","","","","","","","",""
"-69.88","62.85","KIMMIRUT A","2402671","2020-03-21","2020","03","21","","","","","","","","","","","","","","","","","","","","","","",""
"-69.88","62.85","KIMMIRUT A","2402671","2020-03-22","2020","03","22","","","","","","","","","","","","","","","","","","","","","","",""
"-69.88","62.85","KIMMIRUT A","2402671","2020-03-23","2020","03","23","","","","","","","","","","","","","","","","","","","","","","",""
"-69.88","62.85","KIMMIRUT A","2402671","2020-03-24","2020","03","24","","","","","","","","","","","","","","","","","","","","","","",""
"-69.88","62.85","KIMMIRUT A","2402671","2020-03-25","2020","03","25","","","","","","","","","","","","","","","","","","","","","","",""
"-69.88","62.85","KIMMIRUT A","2402671","2020-03-26","2020","03","26","","","","","","","","","","","","","","","","","","","","","","",""
"-69.88","62.85","KIMMIRUT A","2402671","2020-03-27","2020","03","27","","","","","","","","","","","","","","","","","","","","","","",""
"-69.88","62.85","KIMMIRUT A","2402671","2020-03-28","2020","03","28","","","","","","","","","","","","","","","","","","","","","","",""
"-69.88","62.85","KIMMIRUT A","2402671","2020-03-29","2020","03","29","","","","","","","","","","","","","","","","","","","","","","",""
"-69.88","62.85","KIMMIRUT A","2402671","2020-03-30","2020","03","30","","","","","","","","","","","","","","","","","","","","","","",""
"-69.88","62.85","KIMMIRUT A","2402671","2020-03-31","2020","03","31","","","","","","","","","","","","","","","","","","","","","","",""
"-69.88","62.85","KIMMIRUT A","2402671","2020-04-01","2020","04","01","","","","","","","","","","","","","","","","","","","","","","",""
"-69.88","62.85","KIMMIRUT A","2402671","2020-04-02","2020","04","02","","","","","","","","","","","","","","","","","","","","","","",""
"-69.88","62.85","KIMMIRUT A","2402671","2020-04-03","2020","04","03","","","","","","","","","","","","","","","","","","","","","","",""
"-69.88","62.85","KIMMIRUT A","2402671","2020-04-04","2020","04","04","","","","","","","","","","","","","","","","","","","","","","",""
"-69.88","62.85","KIMMIRUT A","2402671","2020-04-05","2020","04","05","","","","","","","","","","","","","","","","","","","","","","",""
"-69.88","62.85","KIMMIRUT A","2402671","2020-04-06","2020","04","06","","","","","","","","","","","","","","","","","","","","","","",""
"-69.88","62.85","KIMMIRUT A","2402671","2020-04-07","2020","04","07","","","","","","","","","","","","","","","","","","","","","","",""
"-69.88","62.85","KIMMIRUT A","2402671","2020-04-08","2020","04","08","","","","","","","","","","","","","","","","","","","","","","",""
"-69.88","62.85","KIMMIRUT A","2402671","2020-04-09","2020","04","09","","","","","","","","","","","","","","","","","","","","","","",""
"-69.88","62.85","KIMMIRUT A","2402671","2020-04-10","2020","04","10","","","","","","","","","","","","","","","","","","","","","","",""
"-69.88","62.85","KIMMIRUT A","2402671","2020-04-11","2020","04","11","","","","","","","","","","","","","","","","","","","","","","",""
"-69.88","62.85","KIMMIRUT A","2402671","2020-04-12","2020","04","12","","","","","","","","","","","","","","","","","","","","","","",""
"-69.88","62.85","KIMMIRUT A","2402671","2020-04-13","2020","04","13","","","","","","","","","","","","","","","","","","","","","","",""
"-69.88","62.85","KIMMIRUT A","2402671","2020-04-14","2020","04","14","","","","","","","","","","","","","","","","","","","","","","",""
"-69.88","62.85","KIMMIRUT A","2402671","2020-04-15","2020","04","15","","","","","","","","","","","","","","","","","","","","","","",""
"-69.88","62.85","KIMMIRUT A","2402671","2020-04-16","2020","04","16","","","","","","","","","","","","","","","","","","","","","","",""
"-69.88","62.85","KIMMIRUT A","2402671","2020-04-17","2020","04","17","","","","","","","","","","","","","","","","","","","","","","",""
"-69.88","62.85","KIMMIRUT A","2402671","2020-04-18","2020","04","18","","","","","","","","","","","","","","","","","","","","","","",""
"-69.88","62.85","KIMMIRUT A","2402671","2020-04-19","2020","04","19","","","","","","","","","","","","","","","","","","","","","","",""
"-69.88","62.85","KIMMIRUT A","2402671","2020-04-20","2020","04","20","","","","","","","","","","","","","","","","","","","","","","",""
"-69.88","62.85","KIMMIRUT A","2402671","2020-04-21","2020","04","21","","","","","","","","","","","","","","","","","","","","","","",""
"-69.88","62.85","KIMMIRUT A","2402671","2020-04-22","2020","04","22","","","","","","","","","","","","","","","","","","","","","","",""
"-69.88","62.85","KIMMIRUT A","2402671","2020-04-23","2020","04","23","","","","","","","","","","","","","","","","","","","","","","",""
"-69.88","62.85","KIMMIRUT A","2402671","2020-04-24","2020","04","24","","","","","","","","","","","","","","","","","","","","","","",""
"-69.88","62.85","KIMMIRUT A","2402671","2020-04-25","2020","04","25","","","","","","","","","","","","","","","","","","","","","","",""
"-69.88","62.85","KIMMIRUT A","2402671","2020-04-26","2020","04","26","","","","","","","","","","","","","","","","","","","","","","",""
"-69.88","62.85","KIMMIRUT A","2402671","2020-04-27","2020","04","27","","","","","","","","","","","","","","","","","","","","","","",""
"-69.88","62.85","KIMMIRUT A","2402671","2020-04-28","2020","04","28","","","","","","","","","","","","","","","","","","","","","","",""
"-69.88","62.85","KIMMIRUT A","2402671","2020-04-29","2020","04","29","","","","","","","","","","","","","","","","","","","","","","",""
"-69.88","62.85","KIMMIRUT A","2402671","2020-04-30","2020","04","30","","","","","","","","","","","","","","","","","","","","","","",""
"-69.88","62.85","KIMMIRUT A","2402671","2020-05-01","2020","05","01","","","","","","","","","","","","","","","","","","","","","","",""
"-69.88","62.85","KIMMIRUT A","2402671","2020-05-02","2020","05","02","","","","","","","","","","","","","","","","","","","","","","",""
"-69.88","62.85","KIMMIRUT A","2402671","2020-05-03","2020","05","03","","","","","","","","","","","","","","","","","","","","","","",""
"-69.88","62.85","KIMMIRUT A","2402671","2020-05-04","2020","05","04","","","","","","","","","","","","","","","","","","","","","","",""
"-69.88","62.85","KIMMIRUT A","2402671","2020-05-05","2020","05","05","","","","","","","","","","","","","","","","","","","","","","",""
"-69.88","62.85","KIMMIRUT A","2402671","2020-05-06","2020","05","06","","","","","","","","","","","","","","","","","","","","","","",""
"-69.88","62.85","KIMMIRUT A","2402671","2020-05-07","2020","05","07","","","","","","","","","","","","","","","","","","","","","","",""
"-69.88","62.85","KIMMIRUT A","2402671","2020-05-08","2020","05","08","","","","","","","","","","","","","","","","","","","","","","",""
"-69.88","62.85","KIMMIRUT A","2402671","2020-05-09","2020","05","09","","","","","","","","","","","","","","","","","","","","","","",""
"-69.88","62.85","KIMMIRUT A","2402671","2020-05-10","2020","05","10","","","","","","","","","","","","","","","","","","","","","","",""
"-69.88","62.85","KIMMIRUT A","2402671","2020-05-11","2020","05","11","","","","","","","","","","","","","","","","","","","","","","",""
"-69.88","62.85","KIMMIRUT A","2402671","2020-05-12","2020","05","12","","","","","","","","","","","","","","","","","","","","","","",""
"-69.88","62.85","KIMMIRUT A","2402671","2020-05-13","2020","05","13","","","","","","","","","","","","","","","","","","","","","","",""
"-69.88","62.85","KIMMIRUT A","2402671","2020-05-14","2020","05","14","","","","","","","","","","","","","","","","","","","","","","",""
"-69.88","62.85","KIMMIRUT A","2402671","2020-05-15","2020","05","15","","","","","","","","","","","","","","","","","","","","","","",""
"-69.88","62.85","KIMMIRUT A","2402671","2020-05-16","2020","05","16","","","","","","","","","","","","","","","","","","","","","","",""
"-69.88","62.85","KIMMIRUT A","2402671","2020-05-17","2020","05","17","","","","","","","","","","","","","","","","","","","","","","",""
"-69.88","62.85","KIMMIRUT A","2402671","2020-05-18","2020","05","18","","","","","","","","","","","","","","","","","","","","","","",""
"-69.88","62.85","KIMMIRUT A","2402671","2020-05-19","2020","05","19","","","","","","","","","","","","","","","","","","","","","","",""
"-69.88","62.85","KIMMIRUT A","2402671","2020-05-20","2020","05","20","","","","","","","","","","","","","","","","","","","","","","",""
"-69.88","62.85","KIMMIRUT A","2402671","2020-05-21","2020","05","21","","","","","","","","","","","","","","","","","","","","","","",""
"-69.88","62.85","KIMMIRUT A","2402671","2020-05-22","2020","05","22","","","","","","","","","","","","","","","","","","","","","","",""
"-69.88","62.85","KIMMIRUT A","2402671","2020-05-23","2020","05","23","","","","","","","","","","","","","","","","","","","","","","",""
"-69.88","62.85","KIMMIRUT A","2402671","2020-05-24","2020","05","24","","","","","","","","","","","","","","","","","","","","","","",""
"-69.88","62.85","KIMMIRUT A","2402671","2020-05-25","2020","05","25","","","","","","","","","","","","","","","","","","","","","","",""
"-69.88","62.85","KIMMIRUT A","2402671","2020-05-26","2020","05","26","","","","","","","","","","","","","","","","","","","","","","",""
"-69.88","62.85","KIMMIRUT A","2402671","2020-05-27","2020","05","27","","","","","","","","","","","","","","","","","","","","","","",""
"-69.88","62.85","KIMMIRUT A","2402671","2020-05-28","2020","05","28","","","","","","","","","","","","","","","","","","","","","","",""
"-69.88","62.85","KIMMIRUT A","2402671","2020-05-29","2020","05","29","","","","","","","","","","","","","","","","","","","","","","",""
"-69.88","62.85","KIMMIRUT A","2402671","2020-05-30","2020","05","30","","","","","","","","","","","","","","","","","","","","","","",""
"-69.88","62.85","KIMMIRUT A","2402671","2020-05-31","2020","05","31","","","","","","","","","","","","","","","","","","","","","","",""
"-69.88","62.85","KIMMIRUT A","2402671","2020-06-01","2020","06","01","","","","","","","","","","","","","","","","","","","","","","",""
"-69.88","62.85","KIMMIRUT A","2402671","2020-06-02","2020","06","02","","","","","","","","","","","","","","","","","","","","","","",""
"-69.88","62.85","KIMMIRUT A","2402671","2020-06-03","2020","06","03","","","","","","","","","","","","","","","","","","","","","","",""
"-69.88","62.85","KIMMIRUT A","2402671","2020-06-04","2020","06","04","","","","","","","","","","","","","","","","","","","","","","",""
"-69.88","62.85","KIMMIRUT A","2402671","2020-06-05","2020","06","05","","","","","","","","","","","","","","","","","","","","","","",""
"-69.88","62.85","KIMMIRUT A","2402671","2020-06-06","2020","06","06","","","","","","","","","","","","","","","","","","","","","","",""
"-69.88","62.85","KIMMIRUT A","2402671","2020-06-07","2020","06","07","","","","","","","","","","","","","","","","","","","","","","",""
"-69.88","62.85","KIMMIRUT A","2402671","2020-06-08","2020","06","08","","","","","","","","","","","","","","","","","","","","","","",""
"-69.88","62.85","KIMMIRUT A","2402671","2020-06-09","2020","06","09","","","","","","","","","","","","","","","","","","","","","","",""
"-69.88","62.85","KIMMIRUT A","2402671","2020-06-10","2020","06","10","","","","","","","","","","","","","","","","","","","","","","",""
"-69.88","62.85","KIMMIRUT A","2402671","2020-06-11","2020","06","11","","","","","","","","","","","","","","","","","","","","","","",""
"-69.88","62.85","KIMMIRUT A","2402671","2020-06-12","2020","06","12","","","","","","","","","","","","","","","","","","","","","","",""
"-69.88","62.85","KIMMIRUT A","2402671","2020-06-13","2020","06","13","","","","","","","","","","","","","","","","","","","","","","",""
"-69.88","62.85","KIMMIRUT A","2402671","2020-06-14","2020","06","14","","","","","","","","","","","","","","","","","","","","","","",""
"-69.88","62.85","KIMMIRUT A","2402671","2020-06-15","2020","06","15","","","","","","","","","","","","","","","","","","","","","","",""
"-69.88","62.85","KIMMIRUT A","2402671","2020-06-16","2020","06","16","","","","","","","","","","","","","","","","","","","","","","",""
"-69.88","62.85","KIMMIRUT A","2402671","2020-06-17","2020","06","17","","","","","","","","","","","","","","","","","","","","","","",""
"-69.88","62.85","KIMMIRUT A","2402671","2020-06-18","2020","06","18","","","","","","","","","","","","","","","","","","","","","","",""
"-69.88","62.85","KIMMIRUT A","2402671","2020-06-19","2020","06","19","","","","","","","","","","","","","","","","","","","","","","",""
"-69.88","62.85","KIMMIRUT A","2402671","2020-06-20","2020","06","20","","","","","","","","","","","","","","","","","","","","","","",""
"-69.88","62.85","KIMMIRUT A","2402671","2020-06-21","2020","06","21","","","","","","","","","","","","","","","","","","","","","","",""
"-69.88","62.85","KIMMIRUT A","2402671","2020-06-22","2020","06","22","","","","","","","","","","","","","","","","","","","","","","",""
"-69.88","62.85","KIMMIRUT A","2402671","2020-06-23","2020","06","23","","","","","","","","","","","","","","","","","","","","","","",""
"-69.88","62.85","KIMMIRUT A","2402671","2020-06-24","2020","06","24","","","","","","","","","","","","","","","","","","","","","","",""
"-69.88","62.85","KIMMIRUT A","2402671","2020-06-25","2020","06","25","","","","","","","","","","","","","","","","","","","","","","",""
"-69.88","62.85","KIMMIRUT A","2402671","2020-06-26","2020","06","26","","","","","","","","","","","","","","","","","","","","","","",""
"-69.88","62.85","KIMMIRUT A","2402671","2020-06-27","2020","06","27","","","","","","","","","","","","","","","","","","","","","","",""
"-69.88","62.85","KIMMIRUT A","2402671","2020-06-28","2020","06","28","","","","","","","","","","","","","","","","","","","","","","",""
"-69.88","62.85","KIMMIRUT A","2402671","2020-06-29","2020","06","29","","","","","","","","","","","","","","","","","","","","","","",""
"-69.88","62.85","KIMMIRUT A","2402671","2020-06-30","2020","06","30","","","","","","","","","","","","","","","","","","","","","","",""
"-69.88","62.85","KIMMIRUT A","2402671","2020-07-01","2020","07","01","","","","","","","","","","","","","","","","","","","","","","",""
"-69.88","62.85","KIMMIRUT A","2402671","2020-07-02","2020","07","02","","","","","","","","","","","","","","","","","","","","","","",""
"-69.88","62.85","KIMMIRUT A","2402671","2020-07-03","2020","07","03","","","","","","","","","","","","","","","","","","","","","","",""
"-69.88","62.85","KIMMIRUT A","2402671","2020-07-04","2020","07","04","","","","","","","","","","","","","","","","","","","","","","",""
"-69.88","62.85","KIMMIRUT A","2402671","2020-07-05","2020","07","05","","","","","","","","","","","","","","","","","","","","","","",""
"-69.88","62.85","KIMMIRUT A","2402671","2020-07-06","2020","07","06","","","","","","","","","","","","","","","","","","","","","","",""
"-69.88","62.85","KIMMIRUT A","2402671","2020-07-07","2020","07","07","","","","","","","","","","","","","","","","","","","","","","",""
"-69.88","62.85","KIMMIRUT A","2402671","2020-07-08","2020","07","08","","","","","","","","","","","","","","","","","","","","","","",""
"-69.88","62.85","KIMMIRUT A","2402671","2020-07-09","2020","07","09","","","","","","","","","","","","","","","","","","","","","","",""
"-69.88","62.85","KIMMIRUT A","2402671","2020-07-10","2020","07","10","","","","","","","","","","","","","","","","","","","","","","",""
"-69.88","62.85","KIMMIRUT A","2402671","2020-07-11","2020","07","11","","","","","","","","","","","","","","","","","","","","","","",""
"-69.88","62.85","KIMMIRUT A","2402671","2020-07-12","2020","07","12","","","","","","","","","","","","","","","","","","","","","","",""
"-69.88","62.85","KIMMIRUT A","2402671","2020-07-13","2020","07","13","","","","","","","","","","","","","","","","","","","","","","",""
"-69.88","62.85","KIMMIRUT A","2402671","2020-07-14","2020","07","14","","","","","","","","","","","","","","","","","","","","","","",""
"-69.88","62.85","KIMMIRUT A","2402671","2020-07-15","2020","07","15","","","","","","","","","","","","","","","","","","","","","","",""
"-69.88","62.85","KIMMIRUT A","2402671","2020-07-16","2020","07","16","","","","","","","","","","","","","","","","","","","","","","",""
"-69.88","62.85","KIMMIRUT A","2402671","2020-07-17","2020","07","17","","","","","","","","","","","","","","","","","","","","","","",""
"-69.88","62.85","KIMMIRUT A","2402671","2020-07-18","2020","07","18","","","","","","","","","","","","","","","","","","","","","","",""
"-69.88","62.85","KIMMIRUT A","2402671","2020-07-19","2020","07","19","","","","","","","","","","","","","","","","","","","","","","",""
"-69.88","62.85","KIMMIRUT A","2402671","2020-07-20","2020","07","20","","","","","","","","","","","","","","","","","","","","","","",""
"-69.88","62.85","KIMMIRUT A","2402671","2020-07-21","2020","07","21","","","","","","","","","","","","","","","","","","","","","","",""
"-69.88","62.85","KIMMIRUT A","2402671","2020-07-22","2020","07","22","","","","","","","","","","","","","","","","","","","","","","",""
"-69.88","62.85","KIMMIRUT A","2402671","2020-07-23","2020","07","23","","","","","","","","","","","","","","","","","","","","","","",""
"-69.88","62.85","KIMMIRUT A","2402671","2020-07-24","2020","07","24","","","","","","","","","","","","","","","","","","","","","","",""
"-69.88","62.85","KIMMIRUT A","2402671","2020-07-25","2020","07","25","","","","","","","","","","","","","","","","","","","","","","",""
"-69.88","62.85","KIMMIRUT A","2402671","2020-07-26","2020","07","26","","","","","","","","","","","","","","","","","","","","","","",""
"-69.88","62.85","KIMMIRUT A","2402671","2020-07-27","2020","07","27","","","","","","","","","","","","","","","","","","","","","","",""
"-69.88","62.85","KIMMIRUT A","2402671","2020-07-28","2020","07","28","","","","","","","","","","","","","","","","","","","","","","",""
"-69.88","62.85","KIMMIRUT A","2402671","2020-07-29","2020","07","29","","","","","","","","","","","","","","","","","","","","","","",""
"-69.88","62.85","KIMMIRUT A","2402671","2020-07-30","2020","07","30","","","","","","","","","","","","","","","","","","","","","","",""
"-69.88","62.85","KIMMIRUT A","2402671","2020-07-31","2020","07","31","","","","","","","","","","","","","","","","","","","","","","",""
"-69.88","62.85","KIMMIRUT A","2402671","2020-08-01","2020","08","01","","","","","","","","","","","","","","","","","","","","","","",""
"-69.88","62.85","KIMMIRUT A","2402671","2020-08-02","2020","08","02","","","","","","","","","","","","","","","","","","","","","","",""
"-69.88","62.85","KIMMIRUT A","2402671","2020-08-03","2020","08","03","","","","","","","","","","","","","","","","","","","","","","",""
"-69.88","62.85","KIMMIRUT A","2402671","2020-08-04","2020","08","04","","","","","","","","","","","","","","","","","","","","","","",""
"-69.88","62.85","KIMMIRUT A","2402671","2020-08-05","2020","08","05","","","","","","","","","","","","","","","","","","","","","","",""
"-69.88","62.85","KIMMIRUT A","2402671","2020-08-06","2020","08","06","","","","","","","","","","","","","","","","","","","","","","",""
"-69.88","62.85","KIMMIRUT A","2402671","2020-08-07","2020","08","07","","","","","","","","","","","","","","","","","","","","","","",""
"-69.88","62.85","KIMMIRUT A","2402671","2020-08-08","2020","08","08","","","","","","","","","","","","","","","","","","","","","","",""
"-69.88","62.85","KIMMIRUT A","2402671","2020-08-09","2020","08","09","","","","","","","","","","","","","","","","","","","","","","",""
"-69.88","62.85","KIMMIRUT A","2402671","2020-08-10","2020","08","10","","","","","","","","","","","","","","","","","","","","","","",""
"-69.88","62.85","KIMMIRUT A","2402671","2020-08-11","2020","08","11","","","","","","","","","","","","","","","","","","","","","","",""
"-69.88","62.85","KIMMIRUT A","2402671","2020-08-12","2020","08","12","","","","","","","","","","","","","","","","","","","","","","",""
"-69.88","62.85","KIMMIRUT A","2402671","2020-08-13","2020","08","13","","","","","","","","","","","","","","","","","","","","","","",""
"-69.88","62.85","KIMMIRUT A","2402671","2020-08-14","2020","08","14","","","","","","","","","","","","","","","","","","","","","","",""
"-69.88","62.85","KIMMIRUT A","2402671","2020-08-15","2020","08","15","","","","","","","","","","","","","","","","","","","","","","",""
"-69.88","62.85","KIMMIRUT A","2402671","2020-08-16","2020","08","16","","","","","","","","","","","","","","","","","","","","","","",""
"-69.88","62.85","KIMMIRUT A","2402671","2020-08-17","2020","08","17","","","","","","","","","","","","","","","","","","","","","","",""
"-69.88","62.85","KIMMIRUT A","2402671","2020-08-18","2020","08","18","","","","","","","","","","","","","","","","","","","","","","",""
"-69.88","62.85","KIMMIRUT A","2402671","2020-08-19","2020","08","19","","","","","","","","","","","","","","","","","","","","","","",""
"-69.88","62.85","KIMMIRUT A","2402671","2020-08-20","2020","08","20","","","","","","","","","","","","","","","","","","","","","","",""
"-69.88","62.85","KIMMIRUT A","2402671","2020-08-21","2020","08","21","","","","","","","","","","","","","","","","","","","","","","",""
"-69.88","62.85","KIMMIRUT A","2402671","2020-08-22","2020","08","22","","","","","","","","","","","","","","","","","","","","","","",""
"-69.88","62.85","KIMMIRUT A","2402671","2020-08-23","2020","08","23","","","","","","","","","","","","","","","","","","","","","","",""
"-69.88","62.85","KIMMIRUT A","2402671","2020-08-24","2020","08","24","","","","","","","","","","","","","","","","","","","","","","",""
"-69.88","62.85","KIMMIRUT A","2402671","2020-08-25","2020","08","25","","","","","","","","","","","","","","","","","","","","","","",""
"-69.88","62.85","KIMMIRUT A","2402671","2020-08-26","2020","08","26","","","","","","","","","","","","","","","","","","","","","","",""
"-69.88","62.85","KIMMIRUT A","2402671","2020-08-27","2020","08","27","","","","","","","","","","","","","","","","","","","","","","",""
"-69.88","62.85","KIMMIRUT A","2402671","2020-08-28","2020","08","28","","","","","","","","","","","","","","","","","","","","","","",""
"-69.88","62.85","KIMMIRUT A","2402671","2020-08-29","2020","08","29","","","","","","","","","","","","","","","","","","","","","","",""
"-69.88","62.85","KIMMIRUT A","2402671","2020-08-30","2020","08","30","","","","","","","","","","","","","","","","","","","","","","",""
"-69.88","62.85","KIMMIRUT A","2402671","2020-08-31","2020","08","31","","","","","","","","","","","","","","","","","","","","","","",""
"-69.88","62.85","KIMMIRUT A","2402671","2020-09-01","2020","09","01","","","","","","","","","","","","","","","","","","","","","","",""
"-69.88","62.85","KIMMIRUT A","2402671","2020-09-02","2020","09","02","","","","","","","","","","","","","","","","","","","","","","",""
"-69.88","62.85","KIMMIRUT A","2402671","2020-09-03","2020","09","03","","","","","","","","","","","","","","","","","","","","","","",""
"-69.88","62.85","KIMMIRUT A","2402671","2020-09-04","2020","09","04","","","","","","","","","","","","","","","","","","","","","","",""
"-69.88","62.85","KIMMIRUT A","2402671","2020-09-05","2020","09","05","","","","","","","","","","","","","","","","","","","","","","",""
"-69.88","62.85","KIMMIRUT A","2402671","2020-09-06","2020","09","06","","","","","","","","","","","","","","","","","","","","","","",""
"-69.88","62.85","KIMMIRUT A","2402671","2020-09-07","2020","09","07","","","","","","","","","","","","","","","","","","","","","","",""
"-69.88","62.85","KIMMIRUT A","2402671","2020-09-08","2020","09","08","","","","","","","","","","","","","","","","","","","","","","",""
"-69.88","62.85","KIMMIRUT A","2402671","2020-09-09","2020","09","09","","","","","","","","","","","","","","","","","","","","","","",""
"-69.88","62.85","KIMMIRUT A","2402671","2020-09-10","2020","09","10","","","","","","","","","","","","","","","","","","","","","","",""
"-69.88","62.85","KIMMIRUT A","2402671","2020-09-11","2020","09","11","","","","","","","","","","","","","","","","","","","","","","",""
"-69.88","62.85","KIMMIRUT A","2402671","2020-09-12","2020","09","12","","","","","","","","","","","","","","","","","","","","","","",""
"-69.88","62.85","KIMMIRUT A","2402671","2020-09-13","2020","09","13","","","","","","","","","","","","","","","","","","","","","","",""
"-69.88","62.85","KIMMIRUT A","2402671","2020-09-14","2020","09","14","","","","","","","","","","","","","","","","","","","","","","",""
"-69.88","62.85","KIMMIRUT A","2402671","2020-09-15","2020","09","15","","","","","","","","","","","","","","","","","","","","","","",""
"-69.88","62.85","KIMMIRUT A","2402671","2020-09-16","2020","09","16","","","","","","","","","","","","","","","","","","","","","","",""
"-69.88","62.85","KIMMIRUT A","2402671","2020-09-17","2020","09","17","","","","","","","","","","","","","","","","","","","","","","",""
"-69.88","62.85","KIMMIRUT A","2402671","2020-09-18","2020","09","18","","","","","","","","","","","","","","","","","","","","","","",""
"-69.88","62.85","KIMMIRUT A","2402671","2020-09-19","2020","09","19","","","","","","","","","","","","","","","","","","","","","","",""
"-69.88","62.85","KIMMIRUT A","2402671","2020-09-20","2020","09","20","","","","","","","","","","","","","","","","","","","","","","",""
"-69.88","62.85","KIMMIRUT A","2402671","2020-09-21","2020","09","21","","","","","","","","","","","","","","","","","","","","","","",""
"-69.88","62.85","KIMMIRUT A","2402671","2020-09-22","2020","09","22","","","","","","","","","","","","","","","","","","","","","","",""
"-69.88","62.85","KIMMIRUT A","2402671","2020-09-23","2020","09","23","","","","","","","","","","","","","","","","","","","","","","",""
"-69.88","62.85","KIMMIRUT A","2402671","2020-09-24","2020","09","24","","","","","","","","","","","","","","","","","","","","","","",""
"-69.88","62.85","KIMMIRUT A","2402671","2020-09-25","2020","09","25","","","","","","","","","","","","","","","","","","","","","","",""
"-69.88","62.85","KIMMIRUT A","2402671","2020-09-26","2020","09","26","","","","","","","","","","","","","","","","","","","","","","",""
"-69.88","62.85","KIMMIRUT A","2402671","2020-09-27","2020","09","27","","","","","","","","","","","","","","","","","","","","","","",""
"-69.88","62.85","KIMMIRUT A","2402671","2020-09-28","2020","09","28","","","","","","","","","","","","","","","","","","","","","","",""
"-69.88","62.85","KIMMIRUT A","2402671","2020-09-29","2020","09","29","","","","","","","","","","","","","","","","","","","","","","",""
"-69.88","62.85","KIMMIRUT A","2402671","2020-09-30","2020","09","30","","","","","","","","","","","","","","","","","","","","","","",""
"-69.88","62.85","KIMMIRUT A","2402671","2020-10-01","2020","10","01","","","","","","","","","","","","","","","","","","","","","","",""
"-69.88","62.85","KIMMIRUT A","2402671","2020-10-02","2020","10","02","","","","","","","","","","","","","","","","","","","","","","",""
"-69.88","62.85","KIMMIRUT A","2402671","2020-10-03","2020","10","03","","","","","","","","","","","","","","","","","","","","","","",""
"-69.88","62.85","KIMMIRUT A","2402671","2020-10-04","2020","10","04","","","","","","","","","","","","","","","","","","","","","","",""
"-69.88","62.85","KIMMIRUT A","2402671","2020-10-05","2020","10","05","","","","","","","","","","","","","","","","","","","","","","",""
"-69.88","62.85","KIMMIRUT A","2402671","2020-10-06","2020","10","06","","","","","","","","","","","","","","","","","","","","","","",""
"-69.88","62.85","KIMMIRUT A","2402671","2020-10-07","2020","10","07","","","","","","","","","","","","","","","","","","","","","","",""
"-69.88","62.85","KIMMIRUT A","2402671","2020-10-08","2020","10","08","","","","","","","","","","","","","","","","","","","","","","",""
"-69.88","62.85","KIMMIRUT A","2402671","2020-10-09","2020","10","09","","","","","","","","","","","","","","","","","","","","","","",""
"-69.88","62.85","KIMMIRUT A","2402671","2020-10-10","2020","10","10","","","","","","","","","","","","","","","","","","","","","","",""
"-69.88","62.85","KIMMIRUT A","2402671","2020-10-11","2020","10","11","","","","","","","","","","","","","","","","","","","","","","",""
"-69.88","62.85","KIMMIRUT A","2402671","2020-10-12","2020","10","12","","","","","","","","","","","","","","","","","","","","","","",""
"-69.88","62.85","KIMMIRUT A","2402671","2020-10-13","2020","10","13","","","","","","","","","","","","","","","","","","","","","","",""
"-69.88","62.85","KIMMIRUT A","2402671","2020-10-14","2020","10","14","","","","","","","","","","","","","","","","","","","","","","",""
"-69.88","62.85","KIMMIRUT A","2402671","2020-10-15","2020","10","15","","","","","","","","","","","","","","","","","","","","","","",""
"-69.88","62.85","KIMMIRUT A","2402671","2020-10-16","2020","10","16","","","","","","","","","","","","","","","","","","","","","","",""
"-69.88","62.85","KIMMIRUT A","2402671","2020-10-17","2020","10","17","","","","","","","","","","","","","","","","","","","","","","",""
"-69.88","62.85","KIMMIRUT A","2402671","2020-10-18","2020","10","18","","","","","","","","","","","","","","","","","","","","","","",""
"-69.88","62.85","KIMMIRUT A","2402671","2020-10-19","2020","10","19","","","","","","","","","","","","","","","","","","","","","","",""
"-69.88","62.85","KIMMIRUT A","2402671","2020-10-20","2020","10","20","","","","","","","","","","","","","","","","","","","","","","",""
"-69.88","62.85","KIMMIRUT A","2402671","2020-10-21","2020","10","21","","","","","","","","","","","","","","","","","","","","","","",""
"-69.88","62.85","KIMMIRUT A","2402671","2020-10-22","2020","10","22","","","","","","","","","","","","","","","","","","","","","","",""
"-69.88","62.85","KIMMIRUT A","2402671","2020-10-23","2020","10","23","","","","","","","","","","","","","","","","","","","","","","",""
"-69.88","62.85","KIMMIRUT A","2402671","2020-10-24","2020","10","24","","","","","","","","","","","","","","","","","","","","","","",""
"-69.88","62.85","KIMMIRUT A","2402671","2020-10-25","2020","10","25","","","","","","","","","","","","","","","","","","","","","","",""
"-69.88","62.85","KIMMIRUT A","2402671","2020-10-26","2020","10","26","","","","","","","","","","","","","","","","","","","","","","",""
"-69.88","62.85","KIMMIRUT A","2402671","2020-10-27","2020","10","27","","","","","","","","","","","","","","","","","","","","","","",""
"-69.88","62.85","KIMMIRUT A","2402671","2020-10-28","2020","10","28","","","","","","","","","","","","","","","","","","","","","","",""
"-69.88","62.85","KIMMIRUT A","2402671","2020-10-29","2020","10","29","","","","","","","","","","","","","","","","","","","","","","",""
"-69.88","62.85","KIMMIRUT A","2402671","2020-10-30","2020","10","30","","","","","","","","","","","","","","","","","","","","","","",""
"-69.88","62.85","KIMMIRUT A","2402671","2020-10-31","2020","10","31","","","","","","","","","","","","","","","","","","","","","","",""
"-69.88","62.85","KIMMIRUT A","2402671","2020-11-01","2020","11","01","","","","","","","","","","","","","","","","","","","","","","",""
"-69.88","62.85","KIMMIRUT A","2402671","2020-11-02","2020","11","02","","","","","","","","","","","","","","","","","","","","","","",""
"-69.88","62.85","KIMMIRUT A","2402671","2020-11-03","2020","11","03","","","","","","","","","","","","","","","","","","","","","","",""
"-69.88","62.85","KIMMIRUT A","2402671","2020-11-04","2020","11","04","","","","","","","","","","","","","","","","","","","","","","",""
"-69.88","62.85","KIMMIRUT A","2402671","2020-11-05","2020","11","05","","","","","","","","","","","","","","","","","","","","","","",""
"-69.88","62.85","KIMMIRUT A","2402671","2020-11-06","2020","11","06","","","","","","","","","","","","","","","","","","","","","","",""
"-69.88","62.85","KIMMIRUT A","2402671","2020-11-07","2020","11","07","","","","","","","","","","","","","","","","","","","","","","",""
"-69.88","62.85","KIMMIRUT A","2402671","2020-11-08","2020","11","08","","","","","","","","","","","","","","","","","","","","","","",""
"-69.88","62.85","KIMMIRUT A","2402671","2020-11-09","2020","11","09","","","","","","","","","","","","","","","","","","","","","","",""
"-69.88","62.85","KIMMIRUT A","2402671","2020-11-10","2020","11","10","","","","","","","","","","","","","","","","","","","","","","",""
"-69.88","62.85","KIMMIRUT A","2402671","2020-11-11","2020","11","11","","","","","","","","","","","","","","","","","","","","","","",""
"-69.88","62.85","KIMMIRUT A","2402671","2020-11-12","2020","11","12","","","","","","","","","","","","","","","","","","","","","","",""
"-69.88","62.85","KIMMIRUT A","2402671","2020-11-13","2020","11","13","","","","","","","","","","","","","","","","","","","","","","",""
"-69.88","62.85","KIMMIRUT A","2402671","2020-11-14","2020","11","14","","","","","","","","","","","","","","","","","","","","","","",""
"-69.88","62.85","KIMMIRUT A","2402671","2020-11-15","2020","11","15","","","","","","","","","","","","","","","","","","","","","","",""
"-69.88","62.85","KIMMIRUT A","2402671","2020-11-16","2020","11","16","","","","","","","","","","","","","","","","","","","","","","",""
"-69.88","62.85","KIMMIRUT A","2402671","2020-11-17","2020","11","17","","","","","","","","","","","","","","","","","","","","","","",""
"-69.88","62.85","KIMMIRUT A","2402671","2020-11-18","2020","11","18","","","","","","","","","","","","","","","","","","","","","","",""
"-69.88","62.85","KIMMIRUT A","2402671","2020-11-19","2020","11","19","","","","","","","","","","","","","","","","","","","","","","",""
"-69.88","62.85","KIMMIRUT A","2402671","2020-11-20","2020","11","20","","","","","","","","","","","","","","","","","","","","","","",""
"-69.88","62.85","KIMMIRUT A","2402671","2020-11-21","2020","11","21","","","","","","","","","","","","","","","","","","","","","","",""
"-69.88","62.85","KIMMIRUT A","2402671","2020-11-22","2020","11","22","","","","","","","","","","","","","","","","","","","","","","",""
"-69.88","62.85","KIMMIRUT A","2402671","2020-11-23","2020","11","23","","","","","","","","","","","","","","","","","","","","","","",""
"-69.88","62.85","KIMMIRUT A","2402671","2020-11-24","2020","11","24","","","","","","","","","","","","","","","","","","","","","","",""
"-69.88","62.85","KIMMIRUT A","2402671","2020-11-25","2020","11","25","","","","","","","","","","","","","","","","","","","","","","",""
"-69.88","62.85","KIMMIRUT A","2402671","2020-11-26","2020","11","26","","","","","","","","","","","","","","","","","","","","","","",""
"-69.88","62.85","KIMMIRUT A","2402671","2020-11-27","2020","11","27","","","","","","","","","","","","","","","","","","","","","","",""
"-69.88","62.85","KIMMIRUT A","2402671","2020-11-28","2020","11","28","","","","","","","","","","","","","","","","","","","","","","",""
"-69.88","62.85","KIMMIRUT A","2402671","2020-11-29","2020","11","29","","","","","","","","","","","","","","","","","","","","","","",""
"-69.88","62.85","KIMMIRUT A","2402671","2020-11-30","2020","11","30","","","","","","","","","","","","","","","","","","","","","","",""
"-69.88","62.85","KIMMIRUT A","2402671","2020-12-01","2020","12","01","","","","","","","","","","","","","","","","","","","","","","",""
"-69.88","62.85","KIMMIRUT A","2402671","2020-12-02","2020","12","02","","","","","","","","","","","","","","","","","","","","","","",""
"-69.88","62.85","KIMMIRUT A","2402671","2020-12-03","2020","12","03","","","","","","","","","","","","","","","","","","","","","","",""
"-69.88","62.85","KIMMIRUT A","2402671","2020-12-04","2020","12","04","","","","","","","","","","","","","","","","","","","","","","",""
"-69.88","62.85","KIMMIRUT A","2402671","2020-12-05","2020","12","05","","","","","","","","","","","","","","","","","","","","","","",""
"-69.88","62.85","KIMMIRUT A","2402671","2020-12-06","2020","12","06","","","","","","","","","","","","","","","","","","","","","","",""
"-69.88","62.85","KIMMIRUT A","2402671","2020-12-07","2020","12","07","","","","","","","","","","","","","","","","","","","","","","",""
"-69.88","62.85","KIMMIRUT A","2402671","2020-12-08","2020","12","08","","","","","","","","","","","","","","","","","","","","","","",""
"-69.88","62.85","KIMMIRUT A","2402671","2020-12-09","2020","12","09","","","","","","","","","","","","","","","","","","","","","","",""
"-69.88","62.85","KIMMIRUT A","2402671","2020-12-10","2020","12","10","","","","","","","","","","","","","","","","","","","","","","",""
"-69.88","62.85","KIMMIRUT A","2402671","2020-12-11","2020","12","11","","","","","","","","","","","","","","","","","","","","","","",""
"-69.88","62.85","KIMMIRUT A","2402671","2020-12-12","2020","12","12","","","","","","","","","","","","","","","","","","","","","","",""
"-69.88","62.85","KIMMIRUT A","2402671","2020-12-13","2020","12","13","","","","","","","","","","","","","","","","","","","","","","",""
"-69.88","62.85","KIMMIRUT A","2402671","2020-12-14","2020","12","14","","","","","","","","","","","","","","","","","","","","","","",""
"-69.88","62.85","KIMMIRUT A","2402671","2020-12-15","2020","12","15","","","","","","","","","","","","","","","","","","","","","","",""
"-69.88","62.85","KIMMIRUT A","2402671","2020-12-16","2020","12","16","","","","","","","","","","","","","","","","","","","","","","",""
"-69.88","62.85","KIMMIRUT A","2402671","2020-12-17","2020","12","17","","","","","","","","","","","","","","","","","","","","","","",""
"-69.88","62.85","KIMMIRUT A","2402671","2020-12-18","2020","12","18","","","","","","","","","","","","","","","","","","","","","","",""
"-69.88","62.85","KIMMIRUT A","2402671","2020-12-19","2020","12","19","","","","","","","","","","","","","","","","","","","","","","",""
"-69.88","62.85","KIMMIRUT A","2402671","2020-12-20","2020","12","20","","","","","","","","","","","","","","","","","","","","","","",""
"-69.88","62.85","KIMMIRUT A","2402671","2020-12-21","2020","12","21","","","","","","","","","","","","","","","","","","","","","","",""
"-69.88","62.85","KIMMIRUT A","2402671","2020-12-22","2020","12","22","","","","","","","","","","","","","","","","","","","","","","",""
"-69.88","62.85","KIMMIRUT A","2402671","2020-12-23","2020","12","23","","","","","","","","","","","","","","","","","","","","","","",""
"-69.88","62.85","KIMMIRUT A","2402671","2020-12-24","2020","12","24","","","","","","","","","","","","","","","","","","","","","","",""
"-69.88","62.85","KIMMIRUT A","2402671","2020-12-25","2020","12","25","","","","","","","","","","","","","","","","","","","","","","",""
"-69.88","62.85","KIMMIRUT A","2402671","2020-12-26","2020","12","26","","","","","","","","","","","","","","","","","","","","","","",""
"-69.88","62.85","KIMMIRUT A","2402671","2020-12-27","2020","12","27","","","","","","","","","","","","","","","","","","","","","","",""
"-69.88","62.85","KIMMIRUT A","2402671","2020-12-28","2020","12","28","","","","","","","","","","","","","","","","","","","","","","",""
"-69.88","62.85","KIMMIRUT A","2402671","2020-12-29","2020","12","29","","","","","","","","","","","","","","","","","","","","","","",""
"-69.88","62.85","KIMMIRUT A","2402671","2020-12-30","2020","12","30","","","","","","","","","","","","","","","","","","","","","","",""
"-69.88","62.85","KIMMIRUT A","2402671","2020-12-31","2020","12","31","","","","","","","","","","","","","","","","","","","","","","",""
